{
  "post:/auth-users>BFCBBGFF": "cXE4dmkzMXZqeDd4",
  "post:/filters>EACBEFIB": "MTNldTNicXoxcndh",
  "put:/filters>BCBFBIFE": "MXNybjBldmFham8w",
  "get:/filters>GDBJAHFI": "MTRoa3hjc2VpaDVv",
  "put:/filters>EACBEFIB": "MWpqMHVoYWZpc2pq",
  "get:/users>CCABEIHH": "M2gybDU0YnVpbGhl",
  "get:/filters>EACBEFIB": "ODJqeTNvYWZpc2pq",
  "put:/users>CCABEIHH": "MXV2Y2d4YnVpbGhl",
  "post:/users>CCABEIHH": "emd0ZTdxMWhseTRx",
  "delete:/filters>EACBEFIB": "ZWQxbnZmdmFham8w",
  "delete:/users>CCABEIHH": "OXljZGw2MTM4cWN6",
  "get:/users>BEGEGJJI": "YXhmY3hyMTF0NHAx"
}